id,channelId,title,description,publishedAt,thumbnail,crawlTime
ges1K7gSFBE,UCdtnf-qm2K3rWNkTplOz9sw,FPL GW14: TEAM SELECTION | Saka In? |  Fantasy Premier League 2022/23,"Should we be bringing Saka into the team? This and many more we discuss in the team selection video ahead of game week 14

https://fantasy.premierleague.com/leagues/auto-join/1baqr9
Join code: 1baqr9

Join the 2022/2023 FPLcrisp on youtube
https://www.youtube.com/c/fplcrisp

Recommended video:
Ronaldoâ€™s 2014/2015 season in FPL
https://www.youtube.com/watch?v=_jDsfu9To3E&t=71s

#FPL #Fantasypremierleague #Premierleague",2022-10-26T08:50:29Z,https://i.ytimg.com/vi/ges1K7gSFBE/mqdefault.jpg,2022-11-21 10:47:08
jSaShTpz_OY,UCxeOc7eFxq37yW_Nc-69deA,FPL KNEEJERK GAMEWEEK 15 | LIVE REACTION Q&A | Fantasy Premier League Tips 2022/23,"In this FPL Live Stream I react to all of the action from Gameweek 13 and start looking ahead to Gameweek 15.
â”â”â”â”â”â”â”â”â”â”â”â”â”
Become a channel member ğŸ‘‰ https://bit.ly/LTFPLYTMember
â”â”â”â”â”â”â”â”â”â”â”â”â”
ğŸ“¹ Subscribe: http://bit.ly/SubLTFPL 
ğŸ”— Follow me: https://solo.to/letstalkfpl 
â”â”â”â”â”â”â”â”â”â”â”â”â”
Join the Let's Talk FPL League:

Code = olspqt
Auto Join = https://fantasy.premierleague.com/leagues/auto-join/olspqt
â”â”â”â”â”â”â”â”â”â”â”â”â”
Previous FPL Finishes:

2021/22 - 9,975
2020/21 - 1,294
2019/20 - 162,555
2018/19 - 12,731
2017/18 - 21,436
2016/17 - 4,935
2015/16 - 92,554
2014/15 - 8,492
2013/14 - 104,345
2012/13 - 15,557
2011/12 - 10,463
2010/11 - 20,698
â”â”â”â”â”â”â”â”â”â”â”â”â”
â–º Lets Talk FPL League winners

ğŸ† 2021/22 - Jamie Pigott
ğŸ† 2020/21 - Craig Williams
ğŸ† 2019/20 - Sivert GjertsÃ¥s
ğŸ† 2018/19 - Domagoj Fekonja
ğŸ† 2017/18 - Jamal Rice
ğŸ† 2016/17 - Jamie Davern
â”â”â”â”â”â”â”â”â”â”â”â”â”
Intro Music details below 
Track: Netrum & Halvorsen - Phoenix [NCS10 Release]
Music provided by NoCopyrightSounds.
Watch: https://youtu.be/yH88qRmgkGI
Free Download / Stream: https://ncs.io/Phoenix
â”â”â”â”â”â”â”â”â”â”â”â”â”
#FPL #FantasyPremierLeague #PremierLeague",2022-10-30T19:43:02Z,https://i.ytimg.com/vi/jSaShTpz_OY/mqdefault.jpg,2022-11-21 10:47:08
Xje1WTabiS4,UCxeOc7eFxq37yW_Nc-69deA,FIRST FPL DRAFT | GW17 UNLIMITED TRANSFERS | FANTASY PREMIER LEAGUE 2022/23 TIPS,"In this video I go through my First FPL Draft for Unlimited Transfers ahead of Gameweek 17.
â”â”â”â”â”â”â”â”â”â”â”â”â”
Become a channel member ğŸ‘‰ https://bit.ly/LTFPLYTMember
â”â”â”â”â”â”â”â”â”â”â”â”â”
ğŸ“¹ Subscribe: http://bit.ly/SubLTFPL 
ğŸ”— Follow me: https://solo.to/letstalkfpl 
â”â”â”â”â”â”â”â”â”â”â”â”â”
Join the Let's Talk FPL League:

Code = olspqt
Auto Join = https://fantasy.premierleague.com/leagues/auto-join/olspqt
â”â”â”â”â”â”â”â”â”â”â”â”â”
Previous FPL Finishes:

2021/22 - 9,975
2020/21 - 1,294
2019/20 - 162,555
2018/19 - 12,731
2017/18 - 21,436
2016/17 - 4,935
2015/16 - 92,554
2014/15 - 8,492
2013/14 - 104,345
2012/13 - 15,557
2011/12 - 10,463
2010/11 - 20,698
â”â”â”â”â”â”â”â”â”â”â”â”â”
â–º Lets Talk FPL League winners

ğŸ† 2021/22 - Jamie Pigott
ğŸ† 2020/21 - Craig Williams
ğŸ† 2019/20 - Sivert GjertsÃ¥s
ğŸ† 2018/19 - Domagoj Fekonja
ğŸ† 2017/18 - Jamal Rice
ğŸ† 2016/17 - Jamie Davern
â”â”â”â”â”â”â”â”â”â”â”â”â”
00:00 Yellow Card Suspensions
02:33 The Defence
08:02 The Midfield
14:00 The Forwards
â”â”â”â”â”â”â”â”â”â”â”â”â”
Intro and Outro music - https://www.youtube.com/watch?v=SrY7LBvrY4g
â”â”â”â”â”â”â”â”â”â”â”â”â”
#FPL #FantasyPremierLeague #PremierLeague",2022-11-14T14:42:04Z,https://i.ytimg.com/vi/Xje1WTabiS4/mqdefault.jpg,2022-11-21 10:47:08
4m7d584CaaI,UCV2ZxEWOhCb-xE56ddnNRHg,ENGLAND 6-2 IRAN - SAKA SHINES AS ENGLAND SMASH IRAN,"JEZ'S CHANNEL
https://www.youtube.com/channel/UCj9Ujiitx49AqTx8CUhoeqg

KENNY'S INSTAGRAM
https://www.instagram.com/kennyken1972/?hl=en

FOLLOW MY TIKTOK
https://www.tiktok.com/@leegunnerafc?_t=8WaFgIUYbaf&_r=1

MORE LEE GUNNER
https://www.youtube.com/channel/UCmdKLK-YLGEFbIPvSIIe5pw

ğŸ“¸ FOLLOW MY INSTA 
https://www.instagram.com/leegunner82/?hl=en

ğŸ‘¨ğŸ¼ğŸ“˜ FOLLOW MY FACEBOOK 
https://www.facebook.com/leegunnerafc/

All things Football, Follow my ramblings on here all season, with all the ups and downs covered on all football games. Currently living in ğŸ‡ªğŸ‡¸ as a full time Youtuber. Passionate football fan and life long Arsenal support for my sins ğŸ¥

ğŸ¥ DAILY LIVE INTERACTIVE STREAMS 
ğŸ“¸ LIVE PRESS CONFERENCE REACTIONS
ğŸ’» MATCH BUILD UP SHOWS FOR EVERY FOOTBALL GAME
ğŸ–¥ MATCH WATCHALONGS FOR EVERY ARSENAL GAME 
1ï¸âƒ£- 1ï¸âƒ£1ï¸âƒ£ LIVE INTERACTIVE PLAYER RATINGS
ğŸ“ BREAKING TRANSFER NEWS LIVE
ğŸ“ DAILY TRANSFER UPDATES ALL THROUGH THE JANUARY WINDOW & ALL THROUGH THE SUMMER WINDOW INCLUDING DEADLINE DAY MADNESS 

ğŸ‘±ğŸ¼â€â™‚ï¸ğŸ“ SIGN UP FOR CHANNEL MEMBERSHIPS HERE 
https://www.youtube.com/channel/UCV2ZxEWOhCb-xE56ddnNRHg/join",2022-11-21T15:18:13Z,https://i.ytimg.com/vi/4m7d584CaaI/mqdefault_live.jpg,2022-11-21 10:47:08
6g0qfWwsNtw,UCZDi95PJ6VmWtQAScA9Rh-w,"Senegal v Netherlands | Gameday Live | Qatar 2022 ft. Matisse, Ty, Kelechi, Tej & Belgium","Put your Qatar 2022 football knowledge to work with DR Sports Prediction Battle, and you could win DAILY! ğŸ¤©
â€‹â€‹â€‹
Click the link and deposit a small stake to play DR SPORTS PREDICTION BATTLE ğŸ‘‰ https://drsports.whoknowswins.com/

You donâ€™t need to get ALL of the answers right, you just need to get the MOST right - the prize pot will always be won in full. ğŸ’°

18+. UK only. Be gamble aware. #ad

To be a part of the World Cup watchalongs on DR Sports, email a short video here explaining why you would love to be on the streams: worldcupdrsports@gmail.com

Join the channel & become a member to get access to perks:
https://www.youtube.com/@drsportsmedia/join

â–¶ï¸ Subscribe to Matisse: @MAH 

â–¶ï¸ Subscribe to DR Sports: https://bit.ly/3qZ2jG2
ğŸ“² Follow us on Instagram: https://bit.ly/3t5TsoA
ğŸ’¬ Follow us on Twitter: https://bit.ly/3HK0e7C
ğŸ¥ Follow us on TikTok: https://bit.ly/3JSiZaM
ğŸ‘ Follow us on Facebook: https://bit.ly/3eYuRd4

#Qatar2022 #Football #DRSports",2022-11-20T21:02:48Z,https://i.ytimg.com/vi/6g0qfWwsNtw/mqdefault_live.jpg,2022-11-21 10:47:08
mS5zaMIBsKc,UCY5UbGjvkB0w9cEb740xDOg,MATCHDAY 1: TEAM SELECTION | WORLD CUP FANTASY 2022,"In this video I go through my FIFA World Cup Matchday 1 Fantasy Team. 

ğŸ“ºSubscribe to my Channel (ITS FREE): https://bit.ly/3JP0OSD
ğŸ¦My twitter handler: https://twitter.com/Ze_FPL
ğŸ“·Follow my Instagram: @Ze_FPL

#qatar2022 #fifaworldcup #fifaworldcup2022 
-------------------------------------------------------------------
Intro: ERF
background: Endlessmotion
Outro: Funday
ğŸ¶music by: https//www.bensound.com

#fifa #worldcupfantasy #fantasyfootball #worldcup",2022-11-20T05:27:19Z,https://i.ytimg.com/vi/mS5zaMIBsKc/mqdefault.jpg,2022-11-21 10:47:08
B5RfJnLkvZ8,UCi33DX7KG3M3bI0ipjOP2Eg,â€œLiverpool WONâ€™T get Top 4!â€ Manchester United SURVIVE! Football Fill-In | Goldbridge & Dave Watson,"The Football Fill-In returns! With a few weeks till the FIFA World Cup weâ€™re seeing the Premier League starting to take shape!!!

This week weâ€™ve got Ex England GK Coach and Premier League Goalkeeper Dave Watson alongside Mark Goldbridge as usual!

Will Liverpool make the Top 4? Manchester United hold on against West Ham and Bentancur saves Spurs from defeat against Bournemouth

We also have the usualâ€¦..

ğŸ¤” 60 Second Quiz
ğŸ‘ğŸ¼ Champ of the week 
ğŸ‘ğŸ» Chump of the week 
âš½ï¸ Goal of the week 

& Much, much more!!!!

The United Stand ğŸ‘‡ğŸ¼ğŸ”—

https://youtube.com/c/TheUnitedStand

Spotify Link ğŸ‘‡ğŸ¼ğŸ”—
https://open.spotify.com/episode/2YI7RYEP6oWOnYBqZxYxHV?si=0KFWiDEvS6qNhAGgA0YuXA

Don't forget to like the video, subscribe and hit the notification bell so you never miss another video. Thanks for watching.

Like todays music from Artlist?   SIGN UP HERE TO ACCESS THE MUSIC WE USE IN THE VIDEOS ğŸ‘‡ğŸµ

https://artlist.io/?artlist_aid=CyclingGK_1637&utm_medium=43001dca

Most of my videos are shot on a GoPro Hero 10. Get your GOPRO here...ğŸ‘‡ğŸ“¹

https://prf.hn/l/64ykage

âœ… Facebook ğŸ‘‰ https://www.facebook.com/BenFosterTheCyclingGK
âœ… Twitter ğŸ‘‰  https://twitter.com/benfoster
âœ… Tik Tok ğŸ‘‰ https://www.tiktok.com/@benfcyclinggk?lang=en
âœ… Ben Foster Instagram ğŸ‘‰  https://www.instagram.com/benfosters/
âœ… The Cycling GK  Instagram  ğŸ‘‰  https://www.instagram.com/rhinolegs_tom/

Cure Leukaemia Just Giving Link ğŸ”—ğŸ‘‡

https://justgiving.com/campaign/thecyclinggk

https://www.garmin.com/en-GB/
https://www.specialized.com/gb/en
https://www.rapha.cc/gb/en/

Photo Credit:
Out of Context Football Twitter:
@nocontextfooty

Timestamps:

0:00 Intro
1:11 Manchester United vs West Ham
9:21 What Ya Wearing?
10:37 Liverpool vs Leeds
17:35 Newcastle vs Aston Villa
23:36 Champ & Chump of the Week
28:09 Fulham vs Everton 
28:20 Brighton vs Chelsea
29:42 Bournemouth vs Tottenham
32:28 Leicester vs Manchester City
33:52 Goalkeeper Chat
36:11 Crystal Palace vs Southampton 
36:17 Brentford vs Wolves
36:23 Arsenal vs Nottingham Forest
38:32 Goal of the Week
40:18 The 60 Second Football Fill-In Quiz",2022-10-31T16:11:40Z,https://i.ytimg.com/vi/B5RfJnLkvZ8/mqdefault.jpg,2022-11-21 10:47:08
TTpKVyW_vMM,UCxeOc7eFxq37yW_Nc-69deA,TEAM SELECTION MATCHDAY 1 | WORLD CUP FANTASY 2022,"#AD Win prizes in the Global Cup ğŸ‘‰ https://sorare.com/invite/pl/DHCWD9?referrer=let-s-talk-fpl

T&Cs Apply

Global Cup League Code ğŸ‘‰ DHCWD9
â”â”â”â”â”â”â”â”â”â”â”â”â”
In this video I take you through my Team Selection for Matchday 1 in World Cup 2022 Fantasy.
â”â”â”â”â”â”â”â”â”â”â”â”â”
Become a channel member ğŸ‘‰ https://bit.ly/LTFPLYTMember
â”â”â”â”â”â”â”â”â”â”â”â”â”
ğŸ“¹ Subscribe: http://bit.ly/SubLTFPL 
ğŸ”— Follow me: https://solo.to/letstalkfpl 
â”â”â”â”â”â”â”â”â”â”â”â”â”
Create a team ğŸ‘‰ https://play.fifa.com/fantasy-classic/team

Join my league ğŸ‘‰ https://play.fifa.com/fantasy-classic/join-league/80PO216V

League code ğŸ‘‰ 80PO216V
â”â”â”â”â”â”â”â”â”â”â”â”â”
00:00 Intro
00:52 The Global Cup
02:55 The Defence
09:21 The Midfield
15:27 The Forwards
â”â”â”â”â”â”â”â”â”â”â”â”â”
Intro and Outro music - https://www.youtube.com/watch?v=SrY7LBvrY4g
â”â”â”â”â”â”â”â”â”â”â”â”â”
#FPL #FantasyPremierLeague #PremierLeague",2022-11-19T17:01:06Z,https://i.ytimg.com/vi/TTpKVyW_vMM/mqdefault.jpg,2022-11-21 10:47:08
evbGe3SYSp0,UCXLrH0_cKU9y-tHkeZH8-Jg,"#TequilaGANG_LIVE | with VinnyDaVinci, TrickyL, Lethabo Neonsoul | #vinnysvinylthursdays..||","Tequila Gang SA Productions - â€œThe Best in House Music Entertainmentâ€
Streaming Live Shows weekly on YouTube.

Subscribe to the Tequila Gang SA Channel - Link: https://www.youtube.com/c/TequilaGangSA  

Check out our online clothing store: https://tequila-gang-sa.myshopify.com

Follow our Facebook page: https://www.facebook.com/tequilagangsa 

Follow us on Twitter: https://twitter.com/tequilagangsa

Follow us on Intagram: https://instagram.com/tequilagangsa",2022-10-20T18:43:23Z,https://i.ytimg.com/vi/evbGe3SYSp0/mqdefault.jpg,2022-11-21 10:47:08
PkZpTMTrB6Q,UCFxG3MxHC1ogUglvJeMHmVQ,SENEGAL vs NETHERLANDS LIVE Stream Watchalong | QATAR 2022,"Download the OneFootball App Here: https://onefootball.link/3O7JZ8Y #AD 
Senegal vs Netherlands live stream watchalong in Qatar 2022. The World Cup returns!",2022-11-21T15:04:07Z,https://i.ytimg.com/vi/PkZpTMTrB6Q/mqdefault_live.jpg,2022-11-21 10:47:08
W13MAcb2ciY,UCtIPFexB6PLKNNl0XH3SKKw,Gameweek 16 Pod  | The FPL Wire | Fantasy Premier League Tips 2022/23,"One final roll of the dice before we all get Unlimited transfers! The trio talk picks for the final week and the rather 'eventful' week gone by 
â”â”â”â”â”â”â”â”â”â”â”â”â”
Become a Fantasy Football Scout Member - http://bit.ly/FPLTheWire
â”â”â”â”â”â”â”â”â”â”â”â”â”
ğŸ’›Support us: https://www.patreon.com/thefplwire 
We really appreciate all the support shown to us through SuperChats.
â”â”â”â”â”â”â”â”â”â”â”â”â”
ğŸ† Want to improve your FPL Rank?  

Become a Fantasy Football Scout Member - http://bit.ly/FPLTheWire
â”â”â”â”â”â”â”â”â”â”â”â”â”
Fantasypaedia Link: https://twitter.com/Fantasypaedia
â”â”â”â”â”â”â”â”â”â”â”â”â”
ğŸ”” SUBSCRIBE: 
https://www.youtube.com/c/TheFPLWireFantasyPremierLeague
â”â”â”â”â”â”â”â”â”â”â”â”â”
ğŸ¦Follow Us On Twitter:

Lateriser12: https://twitter.com/lateriser12
Zophar: https://twitter.com/zophar666
BigManBakar: https://twitter.com/BigManBakar
â”â”â”â”â”â”â”â”â”â”â”â”â”
ğŸ”ŒThis Podcast is powered by DreamSetGo

DreamSetGo is a sports travel & experiences platform,offering sporting events and player-interaction packages to die-hard fans.The vision of DreamSetGo is to make sports fans live the dream through their bespoke sports experiences.

For more information visit - https://www.dreamsetgo.co/?utm_medium=youtube&utm_source=thefplwire&utm_campaign=thefpltips
â”â”â”â”â”â”â”â”â”â”â”â”â”
ğŸ§ Also listen on: 

Spotify: https://open.spotify.com/show/5c9qKwPsPUjAxZ9WTT5nUM
Apple Podcast: https://podcasts.apple.com/gb/podcast/the-fpl-wire/id1530847697
Google: https://www.google.com/podcasts?feed=aHR0cHM6Ly9hbmNob3IuZm0vcy8zNGNlZGVkYy9wb2RjYXN0L3Jzcw==
Overcast: https://overcast.fm/itunes1530847697/the-fpl-wire
Anchor: https://anchor.fm/the-fpl-wire
PocketCasts: https://pca.st/hqd6z519
RSS: https://anchor.fm/s/34cededc/podcast/rss
â”â”â”â”â”â”â”â”â”â”â”â”â”
ğŸ‘¨â€ğŸ’¼About Us:

Everything Fantasy Premier League (FPL) under one roof. We love Fantasy Football.

The FPL Wire is a place where you get all your Fantasy Football Tips, Gameweek Previews, Captaincy & Transfer Suggestions, FPL Stats, Eye-test and Fixture Analysis, Watchlists, Double Gameweek Previews all in a weekly FPL Podcast from established and experienced FPL Managers which will help you win your mini leagues and improve your Overall Rank. Content also includes interviews with established FPL Managers, Content Creators and FPL Tool Developers.

FPL Managers Lateriser12 (Top 200 x 3), Zophar666 (Top10k x 7) & BigManBakar (#4 in 2014/15) discuss the Fantasy Premier League (FPL) on a weekly basis hoping to give you all the insight, information, FPL Stats and banter you need to make your FPL decisions.
â”â”â”â”â”â”â”â”â”â”â”â”â”
âœï¸Design:

Alex Chapple
https://twitter.com/achapple94
Simon Stanford
https://www.instagram.com/simon.creative
https://twitter.com/FalcoFPL

ğŸ¬Intro By:
Kaarvaan Pictures Social Media Properties (Aman Shah)
https://www.instagram.com/kaarvaanpic...
https://twitter.com/KaarvaanPics

ğŸ¨Animated By:
Falgun Busa
https://www.instagram.com/falgunbusa
https://twitter.com/FalgunBusa
â”â”â”â”â”â”â”â”â”â”â”â”â”
ğŸ€Evergreen Videos:

FPL Wire Round Table with Mark Sutherns, FPL General, Adam Hopcroft and Tom Freeman: https://www.youtube.com/watch?v=NvhujsA8U9U&t=2262s
Ragabolly Interview (creator of Live FPL): https://www.youtube.com/watch?v=SQvWHLxrtt8&t=1689s
Tom Freeman Interview (8 finishes in the Top 10k): https://www.youtube.com/watch?v=gnPLRXGMuis&t=1389s
FPL Salah Interview (4 finishes in the Top 1k): https://www.youtube.com/watch?v=fPiNaNcOTGM&t=3899s
Neale Interview (Deputy Editor at Fantasy Football Scout): https://www.youtube.com/watch?v=QWTh6aCyH-c&t=2448s
â”â”â”â”â”â”â”â”â”â”â”
Timestamps


#FantasyPremierLeague #FPL #FantasyFootball #FPLTransfers #FPLWildcard #FPLGameweek #FantasyFootball #FPLWire #PremierLeague",2022-11-08T01:48:40Z,https://i.ytimg.com/vi/W13MAcb2ciY/mqdefault.jpg,2022-11-21 10:47:08
HPUD1rnkw9M,UCDG_EqOaaO1SSxEMZwfrSkg,FPL GW14 - LIVERPOOL TOP 4 AT RISK! - FPL Family (Fantasy Premier League Tips 2022/2023),"City sweep aside Brighton as predicted, with Haaland also predictably, scoring twice. What was less predictable, was Pep's benching of Foden, this week's most transferred in player! We'll find out who Sam bought in on her Wildcard and whether they gave her the rank boost she was looking for.

Elsewhere, Lee laments a poor Liverpool performance, but another reasonably decent week in FPL. So what now for Salah? Is Lee going to hold for Leeds, or look to sell?

We'll also look at our teams, scores and overall ranks!

 Like, Share and Subscribe!
 _________________________         
 ğŸ“Š Join the FPLFamily FPL Mini-League!
pzj0a0
__________________________
Join our channel to get access to perks:
https://www.youtube.com/channel/UCDG_EqOaaO1SSxEMZwfrSkg/join
__________________________
 ğŸš€ Support FPL Family on Patreon:
- Manager of the Month competitions, and Prizes* 
- Zoom Video Chats with Lee and Sam
- Slack Chat community with other FPL Managers
- Exclusive Podcasts every Friday looking ahead to the next GW

https://www.patreon.com/fplfamily
*Prizes sponsored by https://kickingtheballss.com
Use 'FPL10%' for 10% off all products on their website!
__________________________
ğŸ˜ Want to highlight your msg in the chat and send a SUPERCHAT? 

Hereâ€™s how: https://support.google.com/youtube/an...
________________________
 ğŸ“º Subscribe to the channel! youtube.com/c/fplfamily
 
 ğŸƒâ€â™‚ï¸ Follow us on Twitter, Instagram and TikTok! - Just Search 'fplfamily'
https://www.twitter.com/fplfamily 
https://www.instagram.com/fplfamily
https://www.tiktok.com/fplfamily

ğŸ§ Also available as a Podcast on your favourite Podcast platforms!
https://soundcloud.com/fplfamily
https://audioboom.com/channels/5010221
Search 'FPL Family' on Spotify, Apple iTunes,  Deezer.
 __________________________
Stats, Season Tickers and Player Ratings provided by Fantasy Football Scout Members Area.
Become a member here! - http://Bit.ly/FPLFamily1â€¬
 __________________________   
More on 'Match Insights', Premier League's new Partnership with Oracle Cloud:
https://www.oracle.com/premier-league/
__________________________   
 #FPL #FPLFamily #FantasyPremierLeague #FPLTips",2022-10-23T13:55:37Z,https://i.ytimg.com/vi/HPUD1rnkw9M/mqdefault.jpg,2022-11-21 10:47:08
Mk9u_rSAqZM,UCfi-mPMOmche6WI-jkvnGXw,The Good Good Cup Major,"Good Good Apparel â–º https://goodgoodgolf.com

Join the Subreddit.
â–º https://www.reddit.com/r/GoodGoodMemes/

Welcome to Good Good!
Good Good Socials
Instagram â–º https://www.instagram.com/goodgood
Merch â–º https://goodgoodgolf.com
App â–º https://apps.apple.com/us/app/good-good-golf/id1518311382

The Squad:
GM GOLF â–º https://www.youtube.com/channel/UClljAz6ZKy0XeViKsohdjqA
Stephen Castaneda â–º https://www.youtube.com/channel/UCFYIH1AYIMrjm8ncRLcFzyg
Colin Ross â–º https://www.youtube.com/channel/UCJB91ZhAn-T9ZbZyyZSjreA
Matt Scharff â–º https://www.youtube.com/channel/UCY0E4ica6wu4I8kXXyouB6w
Micah Morris Golf  â–º https://www.youtube.com/channel/UCfdYeBYjouhibG64ep_m4Vw
Max â–º https://www.instagram.com/maxtheputnam/
Bubbie â–º https://youtube.com/c/BubbieGolf
Grant â–º https://youtube.com/channel/UCgUueMmSpcl-aCTt5CuCKQw",2022-10-25T22:02:03Z,https://i.ytimg.com/vi/Mk9u_rSAqZM/mqdefault.jpg,2022-11-21 10:47:08
pySP311-QVw,UCxeOc7eFxq37yW_Nc-69deA,10 BARGAIN PLAYERS FOR WORLD CUP 2022 FANTASY (BEST VALUE),"#AD Play the Opta Million for a chance to win $1,000,000 ğŸ‘‰ https://bit.ly/AFPLMili

T&Cs apply
â”â”â”â”â”â”â”â”â”â”â”â”â”
In this video I take you through some of the bargain options for our Matchday 1 Team Selections in World Cup 2022 Fantasy.
â”â”â”â”â”â”â”â”â”â”â”â”â”
Become a channel member ğŸ‘‰ https://bit.ly/LTFPLYTMember
â”â”â”â”â”â”â”â”â”â”â”â”â”
ğŸ“¹ Subscribe: http://bit.ly/SubLTFPL 
ğŸ”— Follow me: https://solo.to/letstalkfpl 
â”â”â”â”â”â”â”â”â”â”â”â”â”
Create a team ğŸ‘‰ https://play.fifa.com/fantasy-classic/team

Join my league ğŸ‘‰ https://play.fifa.com/fantasy-classic/join-league/80PO216V

League code ğŸ‘‰ 80PO216V
â”â”â”â”â”â”â”â”â”â”â”â”â”
00:00 Intro
00:24 Maehle
01:50 Win $1,000,000
04:29 Richarlison
05:41 Martinez
06:42 Trippier
08:03 Sosa
09:18 Trossard
10:50 Otamendi
12:25 Bergwijn
13:53 Costa
14:40 Khazri
â”â”â”â”â”â”â”â”â”â”â”â”â”
Intro and Outro music - https://www.youtube.com/watch?v=SrY7LBvrY4g
â”â”â”â”â”â”â”â”â”â”â”â”â”
#FPL #FantasyPremierLeague #PremierLeague",2022-11-14T13:19:58Z,https://i.ytimg.com/vi/pySP311-QVw/mqdefault.jpg,2022-11-21 10:47:08
JfTePQPzjsY,UCfsa71Oe__0fRFd0ZCZ__NA,UCL FANTASY TEAM SELECTION MATCHWEEK 1 | 2022/2023 SEASON,"UCL Fantasy Matchday 1: TEAM SELECTION | Champions League Fantasy Tips 2022/23
This video series covers my Team selection for UCL fantasy.
.
 Is Leao a must have?
#uclfantasy #UCL
KEYWORDS
champions league fantasy football,ucl fantasy,ucl fantasy football,ucl fantasy 2022/23,ucl fantasy league,ucl fantasy team,ucl fantasy tips,ucl fantasy first draft,ucl fantasy best team,ucl fantasy best players,ucl fantasy tips for beginners,ucl fantasy matchday 1,ucl fantasy draft,ucl fantasy limitless,ucl fantasy football tips,ucl fantasy rules,ucl fantasy picks,ucl fantasy team selection,ucl fantasy matchday 1 team,champions league fantasy,dylan rcm",2022-09-05T16:59:00Z,https://i.ytimg.com/vi/JfTePQPzjsY/mqdefault.jpg,2022-11-21 10:47:08
OFitskb-1u8,UC0Oaf88gRGnNkncI8D_GO-Q,"FPL GAMEWEEK 14 GUIDE | Captaincy, Fixtures & Predicted Points | Fantasy Premier League 2022/23","FPL Phillips (Eddie) takes you through your quick guide to GW14. We take a look at captaincy, teams (and players) to target and the predicted points totals for this coming gameweek!

Supercharge your FPLğŸ‘‡
ğŸš€ Upload your FPL squad (itâ€™s free): https://www.fantasyfootballfix.com/
ğŸ”¼ See Elite Team Reveals (itâ€™s free): https://www.fantasyfootballfix.com/re...
ğŸ’° Check FPL player price change predictions (itâ€™s free): https://www.fantasyfootballfix.com/pr...
ğŸ¤– Optimise your FPL squad using the Algorithms (itâ€™s free): https://www.fantasyfootballfix.com/as...
ğŸ“± Download our mobile app (itâ€™s free): https://linktr.ee/FantasyFootballFix

â”â”â”â”â”â”â”â”â”â”â”â”â”

Follow Fantasy Football Fix ğŸ‘‡
ğŸ¦ Twitter: https://twitter.com/FantasyFootyFix
ğŸ“¸ Instagram: https://www.instagram.com/fantasyfoot...
âœ… TikTok: https://www.tiktok.com/@fantasyfootba...
ğŸ”µ Facebook: https://www.facebook.com/fantasyfootyfix

â”â”â”â”â”â”â”â”â”â”â”â”â”

Presenters ğŸ‘‡
ğŸ“½ï¸ FPL Phillips   - https://www.youtube.com/c/fplphillips
ğŸ“½ï¸ FPL Nacho - https://www.youtube.com/c/fplfanshow
ğŸ“½ï¸ UtterlyTC - https://twitter.com/UtterlyTC

â”â”â”â”â”â”â”â”â”â”â”â”â”

Timestamps ğŸ‘‡
0:00 - Intro
0:39 - Captaincy
2:33 - Predicted Points
3:49 - Attacking Fixtures
6:41 - Defensive Fixtures
9:30 - End Screen",2022-10-25T17:50:03Z,https://i.ytimg.com/vi/OFitskb-1u8/mqdefault.jpg,2022-11-21 10:47:08
3IDuHf19e-8,UCxeOc7eFxq37yW_Nc-69deA,FPL DEADLINE STREAM GAMEWEEK 15 | Fantasy Premier League Tips 2021/22,"The FPL Gameweek 15 deadline is close. Let's get those Team Selections locked in and answer your burning questions ahead of the next Fantasy Premier League deadline.
â”â”â”â”â”â”â”â”â”â”â”â”â”
Patreon - http://bit.ly/supportLTFPL
â”â”â”â”â”â”â”â”â”â”â”â”â”
ğŸ“¹ Subscribe:

Main channel - http://bit.ly/SubLTFPL
Second channel - https://bit.ly/MoreLTFPL
â”â”â”â”â”â”â”â”â”â”â”â”â”
Follow me:

ğŸ’¸ TWITTER: https://twitter.com/letstalk_fpl
ğŸ“¸ INSTAGRAM: https://www.instagram.com/LetsTalkFpl/
â”â”â”â”â”â”â”â”â”â”â”â”â”
ğŸ† Let's Talk FPL League code 2021/22 - v578d7
ğŸ† Auto join - https://fantasy.premierleague.com/leagues/auto-join/v578d7
â”â”â”â”â”â”â”â”â”â”â”â”â”
Previous FPL Finishes:

2010/11 - 20,698
2011/12 - 10,463
2012/13 - 15,557
2013/14 - 104,345
2014/15 - 8,492
2015/16 - 92,554
2016/17 - 4,935
2017/18 - 21,436
2018/19 - 12,731
2019/20 - 162,555
2020/21 - 1,294
â”â”â”â”â”â”â”â”â”â”â”â”â”
â–º Lets Talk FPL League winners

ğŸ† 2020/21 - Craig Williams
ğŸ† 2019/20 - Sivert GjertsÃ¥s
ğŸ† 2018/19 - Domagoj Fekonja
ğŸ† 2017/18 - Jamal Rice
ğŸ† 2016/17 - Jamie Davern
â”â”â”â”â”â”â”â”â”â”â”â”â”

#FPL #FantasyPremierLeague #PremierLeague",2021-12-04T09:19:33Z,https://i.ytimg.com/vi/3IDuHf19e-8/mqdefault.jpg,2022-11-21 10:47:08
UQm9OdtlXD0,UCfHrd8-BMPYO7RlxD-IuYRw,FPL Injuries | FPL Gameweek 14: DEADLINE Injury Round-Up and Predicted Line Ups (Ben Dinnery),"FPL Injuries | FPL Gameweek 14: DEADLINE Injury Round-Up and Predicted Line Ups (Ben Dinnery)

The Premier Injuries team talk through the latest injury news of all teams in the Premier League to help you with your FPL decisions

This is a live Q&A session so get your questions in, and we will answer your queries!

For the predicted line ups article head to: https://www.fantasyfootballhub.co.uk/premier-league-predicted-lineups


For the latest FPL Injury News and latest information head to:https://www.premierinjuries.com/injury-table.php

â”â”â”â”â”â”â”â”â”â”â”â”â”

âœ…  Join Premier Injuries for the latest updates â¤µï¸
https://www.premierinjuries.com/create-an-account.php

ğŸ”” Subscribe to the channel â¤µï¸
https://www.youtube.com/c/PremierInjuries1?sub_confirmation=1

â”â”â”â”â”â”â”â”â”â”â”â”â”

Follow Premier Injuries:
ğŸ¯ Site: https://www.premierinjuries.com/
ğŸ¦ Benâ€™s Twitter: https://twitter.com/BenDinnery
ğŸ¦ Jasonâ€™s Twitter: https://twitter.com/jason_r_mckenna

â”â”â”â”â”â”â”â”â”â”â”â”â”

About 
Ben Dinnery is footballâ€™s leading injury specialist. The â€˜go-toâ€™ guru for big hitters like Sky Sports, ESPN and NBC Sports when they need data. Or the BBC, talkSPORT and the broadsheets when a quote is required. His unique insight has helped provide a better understanding of what is really happening in the treatment rooms.

Jason McKenna has a focus on tactics and data to contextualise injury news. He is a 2 time award winning Radio Presenter and has a history of studying football.  He is also currently researching a PhD showing his dedication to high quality analysis.

Premier Injuries is the go to resource for injury related data pertaining to the English Premier League. The companyâ€™s database contains detailed analysis of every reported player injury since establishment back in 2010.",2022-10-28T00:51:01Z,https://i.ytimg.com/vi/UQm9OdtlXD0/mqdefault.jpg,2022-11-21 10:47:08
11v8z_fWjdQ,UC3OZ_37l-WOMjW_K6I0ZbTw,GAMEWEEK 14 FPL 22/23 FT. LETS TALK FPL (ANDY) & FPL OF THE DAY,"Probably discussing how similar all our teams are. Look ahead to Gameweek 14 where our teams will probably still be similar. Ranking best players for the next 3 GWâ€™s in a super accurate, impossible to ignore way. Massive Pundit in the studio, joined by even massiver (is that even a word) guest! Loads of fun stuff, answering questions and all the usual lark that get us millions of views.",2022-10-25T14:09:14Z,https://i.ytimg.com/vi/11v8z_fWjdQ/mqdefault.jpg,2022-11-21 10:47:08
q0IFJGMmUQU,UCxeOc7eFxq37yW_Nc-69deA,FPL TRANSFER TIPS GAMEWEEK 16 (Who to Buy and Sell?) | Fantasy Premier League Tips 2022/23,"In this video I talk through some of the most popular transfers for FPL managers ahead of Gameweek 16.
â”â”â”â”â”â”â”â”â”â”â”â”â”
Become a channel member ğŸ‘‰ https://bit.ly/LTFPLYTMember
â”â”â”â”â”â”â”â”â”â”â”â”â”
ğŸ“¹ Subscribe: http://bit.ly/SubLTFPL 
ğŸ”— Follow me: https://solo.to/letstalkfpl 
â”â”â”â”â”â”â”â”â”â”â”â”â”
Join the Let's Talk FPL League:

Code = olspqt
Auto Join = https://fantasy.premierleague.com/leagues/auto-join/olspqt
â”â”â”â”â”â”â”â”â”â”â”â”â”
Previous FPL Finishes:

2021/22 - 9,975
2020/21 - 1,294
2019/20 - 162,555
2018/19 - 12,731
2017/18 - 21,436
2016/17 - 4,935
2015/16 - 92,554
2014/15 - 8,492
2013/14 - 104,345
2012/13 - 15,557
2011/12 - 10,463
2010/11 - 20,698
â”â”â”â”â”â”â”â”â”â”â”â”â”
â–º Lets Talk FPL League winners

ğŸ† 2021/22 - Jamie Pigott
ğŸ† 2020/21 - Craig Williams
ğŸ† 2019/20 - Sivert GjertsÃ¥s
ğŸ† 2018/19 - Domagoj Fekonja
ğŸ† 2017/18 - Jamal Rice
ğŸ† 2016/17 - Jamie Davern
â”â”â”â”â”â”â”â”â”â”â”â”â”
00:00 Foden
04:47 Nunez
08:32 Cancelo
10:24 Dalot
13:18 Almiron
â”â”â”â”â”â”â”â”â”â”â”â”â”
Intro and Outro music - https://www.youtube.com/watch?v=SrY7LBvrY4g
â”â”â”â”â”â”â”â”â”â”â”â”â”
#FPL #FantasyPremierLeague #PremierLeague",2022-11-08T10:47:48Z,https://i.ytimg.com/vi/q0IFJGMmUQU/mqdefault.jpg,2022-11-21 10:47:08
RUjVJR7fiG4,UC54QLWzsMifTRjNQ02z5pCw,FPL GAMEWEEK 5 DEADLINE LIVE STREAM | REECE JAMES OUT FOR GW5? | Fantasy Premier League Tips 2022/23,"Join my group ""FPL Raptor"" on Fanslide (18+) ğŸ‘‰ğŸ¼ https://play.fanslide.com/fplraptory

In this GW5 live stream, we will be finalising my FPL GW5 team and answering your questions ahead of the FPL deadline.

ğŸ§¡ Mental Health in FPL Questionnaire: https://uwlpsych.eu.qualtrics.com/jfe/form/SV_3dCs3wgBiXMIZ3U

ğŸ”¥  30% OFF from Fantasy Football Hub: https://fantasyfootballhub.co.uk/join?via=ross
ğŸ†  Become a YT member: https://bit.ly/34AFdyn
ğŸ“½ï¸  Join my Patreon: https://www.patreon.com/FPLRaptor

ğŸ‘¾  Join the Discord: https://discord.gg/RhwCHzx8wr
ğŸ—£ï¸  Follow my Twitter: https://twitter.com/FPL__Raptor
ğŸ“¸  Follow my Instagram: https://www.instagram.com/fpl__raptor

ğŸ“•  The Mind Game (Hard Copy): https://bit.ly/3gFJKlz
ğŸ“²  The Mind Game (eBook): https://amzn.to/3FAJjUo

ğŸ“§   Business inquiries: toby@intertalentgroup.com
ğŸ“§   Personal Inquiries: fplraptor@gmail.com

------------------------

My Equipment 

ğŸ™ï¸  Microphone = https://amzn.to/3FBzrdh
ğŸ“·. Camera = https://amzn.to/3Hgp52P
ğŸ™ï¸  Boom Arm = https://amzn.to/3460gZ6
ğŸŸ©  Green Screen = https://amzn.to/3HiSqth
ğŸ›ï¸  StreamDeck = https://amzn.to/33Uls42
ğŸ–¥ï¸  Computer = https://amzn.to/3qvQQxF
âŒ¨ï¸  Keyboard & Mouse = https://amzn.to/3qA0v6j

ğŸ’»  Secondary Laptop = https://amzn.to/3HiBYJB
ğŸ™ï¸  Secondary Microphone = https://amzn.to/3qvjOh8
ğŸ“·. Secondary Camera = https://amzn.to/32seuTM
ğŸŸ©  Secondary Green Screen = https://amzn.to/33YFytX

------------------------

Music from Uppbeat (free for Creators!):
https://uppbeat.io/t/infraction/try
https://uppbeat.io/t/zayner/falling

*This channel has permission to use these audio tracks*

------------------------

#FantasyPremierLeague #FPL #PremierLeague #FPLPsychology",2022-08-30T10:26:43Z,https://i.ytimg.com/vi/RUjVJR7fiG4/mqdefault.jpg,2022-11-21 10:47:08
uvPd63LbhJ8,UC72QokPHXQ9r98ROfNZmaDw,FPL GW14 DEADLINE STREAM - Gameweek 14,"We're LIVE for a Gameweek 14 deadline stream of Fantasy Premier League 2022/23. Haaland out injured? I'll be sharing my team selection, discussing captaincy, transfers and answering all your questions.

ğŸ”´ Become a Member: https://youtube.com/FPLFocal/join
ğŸŸ  Become a Patron: https://patreon.com/FPLFocal
ğŸŸ¡ Members & Patrons get early access to videos, a private channel on Discord, badges by your name & more. Message me if you need help linking your Discord!
â”â”â”â”â”â”â”â”â”â”â”â”â”
ğŸ”— Links
âš”ï¸ Mini-league: https://fantasy.premierleague.com/leagues/auto-join/ohqb6d (code: ohqb6d)
ğŸ Join FFScout ğŸ‘‰ https://bit.ly/FPLFocal_FFScout
ğŸ’¬ https://discord.gg/kaFgJunsjK (10K+ members)
âš½ https://twitter.com/FPLFocal
ğŸ“± https://tiktok.com/@FPLFocal
ğŸ“· https://instagram.com/FPLFocal
ğŸ§ https://linktr.ee/FPLFocal (podcasts)
ğŸ“© fplfocal@gmail.com 
â”â”â”â”â”â”â”â”â”â”â”â”â”
ğŸ•’ Timestamps
0:00 Intro
3:00 Start
â”â”â”â”â”â”â”â”â”â”â”â”â”
ğŸ“Œ Recommended videos:
The Biggest FPL Score of All-Time
https://youtu.be/Sf2u_FOodAU

The Worst FPL Score of All-Time
https://youtu.be/JGVEFVf7kws

The Greatest FPL Manager Of All-Time 
https://youtu.be/DDlzAKxpBpw

The Greatest FPL Team Of All-Time
https://youtu.be/TndirGgRSiY

The Story Of How JosÃ© Mourinho Broke FPL
https://youtu.be/8NwsALKLI-A

Messi's Record-Breaking 11/12 Season in FPL
https://youtu.be/BPJ-ot_ZLOY
â”â”â”â”â”â”â”â”â”â”â”â”â”
Don't forget to join the Discord â¡  https://discord.gg/kaFgJunsjK. We've got a strong community and channels with automatic alerts for Fantasy Premier League:
- Price Changes
- Line-ups
- Live Scores
- Player stats
- Injury updates
- Bonus Points
- Gameweek stats
- Top 10k stats
- News
- Captain polls
- Deadline alerts
& More
â¡  https://discord.gg/kaFgJunsjK
â”â”â”â”â”â”â”â”â”â”â”â”â”
#FPL #FantasyPremierLeague #PremierLeague",2022-10-28T21:30:11Z,https://i.ytimg.com/vi/uvPd63LbhJ8/mqdefault.jpg,2022-11-21 10:47:08
gwmAVmyaZCE,UCxeOc7eFxq37yW_Nc-69deA,MATCHDAY 1 PREVIEW | WORLD CUP 2022 FANTASY,"In this video I go through the latest news and some of your questions for Matchday 1 in World Cup 2022 Fantasy. 
â”â”â”â”â”â”â”â”â”â”â”â”â”
Become a channel member ğŸ‘‰ https://bit.ly/LTFPLYTMember
â”â”â”â”â”â”â”â”â”â”â”â”â”
ğŸ“¹ Subscribe: http://bit.ly/SubLTFPL 
ğŸ”— Follow me: https://solo.to/letstalkfpl 
â”â”â”â”â”â”â”â”â”â”â”â”â”
Create a team ğŸ‘‰ https://play.fifa.com/fantasy-classic/team

Join my league ğŸ‘‰ https://play.fifa.com/fantasy-classic/join-league/80PO216V

League code ğŸ‘‰ 80PO216V
â”â”â”â”â”â”â”â”â”â”â”â”â”
00:00 Intro
02:36 Captaincy
04:52 Substitutes
06:09 Transfers & Matchdays
10:25 Wildcard
14:18 Power Captain and 12th Man
16:38 Alphonso Davies
17:50 Di Maria
19:41 De Bruyne vs Premium Forwards
â”â”â”â”â”â”â”â”â”â”â”â”â”
Intro and Outro music - https://www.youtube.com/watch?v=SrY7LBvrY4g
â”â”â”â”â”â”â”â”â”â”â”â”â”
#FPL #FantasyPremierLeague #PremierLeague",2022-11-18T15:50:03Z,https://i.ytimg.com/vi/gwmAVmyaZCE/mqdefault.jpg,2022-11-21 10:47:08
Tl6OKEU3KJo,UC4_OQpndaXPdewNpNrOytHA,FPL GAMEWEEK 16 REVIEW | GAMEWEEK 17 TEAM SELECTION | A GREEN ARROW! | Fantasy Premier League 22/23,"In this video I reflect over my gameweek 16 squad and my very early thoughts for gameweek 17!

I hope you enjoy and don't forget to like and subscribe for weekly videos!

0:00 = Intro
0:33 = Gameweek 16 Review
6:18 = Gameweek 17 Team Selection
14:00 = Mini League TOTGW
15:25 = Outro",2022-11-15T19:59:56Z,https://i.ytimg.com/vi/Tl6OKEU3KJo/mqdefault.jpg,2022-11-21 10:47:08
3TpjrqT4iBY,UCxeOc7eFxq37yW_Nc-69deA,MY FIRST DRAFT | MATCHDAY 1 | WORLD CUP 2022 FANTASY,"#AD Win prizes in the Global Cup ğŸ‘‰ https://sorare.com/invite/pl/DHCWD9?referrer=let-s-talk-fpl

Global Cup League Code ğŸ‘‰ DHCWD9
â”â”â”â”â”â”â”â”â”â”â”â”â”
In this video I take you through my first draft for World Cup 2022 Fantasy.
â”â”â”â”â”â”â”â”â”â”â”â”â”
Become a channel member ğŸ‘‰ https://bit.ly/LTFPLYTMember
â”â”â”â”â”â”â”â”â”â”â”â”â”
ğŸ“¹ Subscribe: http://bit.ly/SubLTFPL 
ğŸ”— Follow me: https://solo.to/letstalkfpl 
â”â”â”â”â”â”â”â”â”â”â”â”â”
Create a team ğŸ‘‰ https://play.fifa.com/fantasy-classic/team

Join my league ğŸ‘‰ https://play.fifa.com/fantasy-classic/join-league/80PO216V

League code ğŸ‘‰ 80PO216V
â”â”â”â”â”â”â”â”â”â”â”â”â”
00:00 Defence
06:36 Global Cup
08:29 Midfield
13:06 Forwards
â”â”â”â”â”â”â”â”â”â”â”â”â”
Intro and Outro music - https://www.youtube.com/watch?v=SrY7LBvrY4g
â”â”â”â”â”â”â”â”â”â”â”â”â”
#FPL #FantasyPremierLeague #PremierLeague",2022-11-14T11:08:39Z,https://i.ytimg.com/vi/3TpjrqT4iBY/mqdefault.jpg,2022-11-21 10:47:08
7fyJprOBIpY,UCxeOc7eFxq37yW_Nc-69deA,FPL DEADLINE STREAM GAMEWEEK 14 | Fantasy Premier League Tips 2022/23,"In this live stream I answer all of your questions ahead of the FPL Gameweek 14 deadline, as we attempt to lock in those Team Selections.
â”â”â”â”â”â”â”â”â”â”â”â”â”
Become a channel member ğŸ‘‰ https://bit.ly/LTFPLYTMember
â”â”â”â”â”â”â”â”â”â”â”â”â”
ğŸ“¹ Subscribe: http://bit.ly/SubLTFPL 
ğŸ”— Follow me: https://solo.to/letstalkfpl 
â”â”â”â”â”â”â”â”â”â”â”â”â”
Join the Let's Talk FPL League:

Code = olspqt
Auto Join = https://fantasy.premierleague.com/leagues/auto-join/olspqt
â”â”â”â”â”â”â”â”â”â”â”â”â”
Previous FPL Finishes:

2021/22 - 9,975
2020/21 - 1,294
2019/20 - 162,555
2018/19 - 12,731
2017/18 - 21,436
2016/17 - 4,935
2015/16 - 92,554
2014/15 - 8,492
2013/14 - 104,345
2012/13 - 15,557
2011/12 - 10,463
2010/11 - 20,698
â”â”â”â”â”â”â”â”â”â”â”â”â”
â–º Lets Talk FPL League winners

ğŸ† 2021/22 - Jamie Pigott
ğŸ† 2020/21 - Craig Williams
ğŸ† 2019/20 - Sivert GjertsÃ¥s
ğŸ† 2018/19 - Domagoj Fekonja
ğŸ† 2017/18 - Jamal Rice
ğŸ† 2016/17 - Jamie Davern
â”â”â”â”â”â”â”â”â”â”â”â”â”
Intro and Outro music - https://www.youtube.com/watch?v=SrY7LBvrY4g
â”â”â”â”â”â”â”â”â”â”â”â”â”
#FPL #FantasyPremierLeague #PremierLeague",2022-10-29T08:13:57Z,https://i.ytimg.com/vi/7fyJprOBIpY/mqdefault.jpg,2022-11-21 10:47:08
2KhgenDVxJE,UCxeOc7eFxq37yW_Nc-69deA,MY CURRENT DRAFT | MATCHDAY 1 | WORLD CUP 2022 FANTASY,"In this video I take you through my current draft for World Cup 2022 Fantasy.
â”â”â”â”â”â”â”â”â”â”â”â”â”
Become a channel member ğŸ‘‰ https://bit.ly/LTFPLYTMember
â”â”â”â”â”â”â”â”â”â”â”â”â”
ğŸ“¹ Subscribe: http://bit.ly/SubLTFPL 
ğŸ”— Follow me: https://solo.to/letstalkfpl 
â”â”â”â”â”â”â”â”â”â”â”â”â”
Create a team ğŸ‘‰ https://play.fifa.com/fantasy-classic/team

Join my league ğŸ‘‰ https://play.fifa.com/fantasy-classic/join-league/80PO216V

League code ğŸ‘‰ 80PO216V
â”â”â”â”â”â”â”â”â”â”â”â”â”
00:00 Intro
00:34 The Defence
04:52 The Midfield
08:56 The Forwards
â”â”â”â”â”â”â”â”â”â”â”â”â”
Intro and Outro music - https://www.youtube.com/watch?v=SrY7LBvrY4g
â”â”â”â”â”â”â”â”â”â”â”â”â”
#FPL #FantasyPremierLeague #PremierLeague",2022-11-14T17:20:53Z,https://i.ytimg.com/vi/2KhgenDVxJE/mqdefault.jpg,2022-11-21 10:47:08
yAP9HaBVOpM,UCxeOc7eFxq37yW_Nc-69deA,FPL GAMEWEEK 11 PREVIEW | FANTASY PREMIER LEAGUE 2022/23 TIPS,"Be Better at FPL with FFScout ğŸ‘‰ https://bit.ly/LetsTalkFPL #ad
â”â”â”â”â”â”â”â”â”â”â”â”â”
In this video I go through the key FPL topics and news for Gameweek 11.
â”â”â”â”â”â”â”â”â”â”â”â”â”
Become a channel member ğŸ‘‰ https://bit.ly/LTFPLYTMember
â”â”â”â”â”â”â”â”â”â”â”â”â”
ğŸ“¹ Subscribe: http://bit.ly/SubLTFPL 
ğŸ”— Follow me: https://solo.to/letstalkfpl 
â”â”â”â”â”â”â”â”â”â”â”â”â”
Join the Let's Talk FPL League:

Code = olspqt
Auto Join = https://fantasy.premierleague.com/leagues/auto-join/olspqt
â”â”â”â”â”â”â”â”â”â”â”â”â”
Previous FPL Finishes:

2021/22 - 9,975
2020/21 - 1,294
2019/20 - 162,555
2018/19 - 12,731
2017/18 - 21,436
2016/17 - 4,935
2015/16 - 92,554
2014/15 - 8,492
2013/14 - 104,345
2012/13 - 15,557
2011/12 - 10,463
2010/11 - 20,698
â”â”â”â”â”â”â”â”â”â”â”â”â”
â–º Lets Talk FPL League winners

ğŸ† 2021/22 - Jamie Pigott
ğŸ† 2020/21 - Craig Williams
ğŸ† 2019/20 - Sivert GjertsÃ¥s
ğŸ† 2018/19 - Domagoj Fekonja
ğŸ† 2017/18 - Jamal Rice
ğŸ† 2016/17 - Jamie Davern
â”â”â”â”â”â”â”â”â”â”â”â”â”
00:00 Reece James Updates
04:19 Fantasy Football Scout
05:47 More than 3 Man City/Arsenal
09:29 Defender Options
17:35 Kepa
19:34 Salah to Nunez
24:23 GW12 Free Hit
â”â”â”â”â”â”â”â”â”â”â”â”â”
Intro and Outro music - https://www.youtube.com/watch?v=SrY7LBvrY4g
â”â”â”â”â”â”â”â”â”â”â”â”â”
#FPL #FantasyPremierLeague #PremierLeague",2022-10-13T11:21:44Z,https://i.ytimg.com/vi/yAP9HaBVOpM/mqdefault.jpg,2022-11-21 10:47:08
ATLrEaP4SL0,UCxeOc7eFxq37yW_Nc-69deA,FPL KNEEJERK GAMEWEEK 17 | LIVE REACTION Q&A | Fantasy Premier League Tips 2022/23,"In this FPL Live Stream I react to all of the action from Gameweek 16 and start looking ahead to Gameweek 17.
â”â”â”â”â”â”â”â”â”â”â”â”â”
Become a channel member ğŸ‘‰ https://bit.ly/LTFPLYTMember
â”â”â”â”â”â”â”â”â”â”â”â”â”
ğŸ“¹ Subscribe: http://bit.ly/SubLTFPL 
ğŸ”— Follow me: https://solo.to/letstalkfpl 
â”â”â”â”â”â”â”â”â”â”â”â”â”
Join the Let's Talk FPL League:

Code = olspqt
Auto Join = https://fantasy.premierleague.com/leagues/auto-join/olspqt
â”â”â”â”â”â”â”â”â”â”â”â”â”
Previous FPL Finishes:

2021/22 - 9,975
2020/21 - 1,294
2019/20 - 162,555
2018/19 - 12,731
2017/18 - 21,436
2016/17 - 4,935
2015/16 - 92,554
2014/15 - 8,492
2013/14 - 104,345
2012/13 - 15,557
2011/12 - 10,463
2010/11 - 20,698
â”â”â”â”â”â”â”â”â”â”â”â”â”
â–º Lets Talk FPL League winners

ğŸ† 2021/22 - Jamie Pigott
ğŸ† 2020/21 - Craig Williams
ğŸ† 2019/20 - Sivert GjertsÃ¥s
ğŸ† 2018/19 - Domagoj Fekonja
ğŸ† 2017/18 - Jamal Rice
ğŸ† 2016/17 - Jamie Davern
â”â”â”â”â”â”â”â”â”â”â”â”â”
Intro Music details below 
Track: Netrum & Halvorsen - Phoenix [NCS10 Release]
Music provided by NoCopyrightSounds.
Watch: https://youtu.be/yH88qRmgkGI
Free Download / Stream: https://ncs.io/Phoenix
â”â”â”â”â”â”â”â”â”â”â”â”â”
#FPL #FantasyPremierLeague #PremierLeague",2022-11-13T18:35:57Z,https://i.ytimg.com/vi/ATLrEaP4SL0/mqdefault.jpg,2022-11-21 10:47:08
uZr2PbxoPxo,UC54QLWzsMifTRjNQ02z5pCw,FPL GAMEWEEK 11 DEADLINE STREAM | 149TH IN THE WORLD! | Fantasy Premier League Tips 2022/23,"Please subscribe and help me to hit 50,000 subscribers! 

In this GW11 live stream, we will be discussing my team and discussing the latest news before the deadline.

ğŸ”¥  30% OFF from Fantasy Football Hub: https://fantasyfootballhub.co.uk/join?via=ross
ğŸ†  Become a YT member: https://bit.ly/34AFdyn
ğŸ“½ï¸  Join my Patreon: https://www.patreon.com/FPLRaptor

ğŸ‘¾  Join the Discord: https://discord.gg/RhwCHzx8wr
ğŸ—£ï¸  Follow my Twitter: https://twitter.com/FPL__Raptor
ğŸ“¸  Follow my Instagram: https://www.instagram.com/fpl__raptor

ğŸ“•  The Mind Game (Hard Copy): https://bit.ly/3gFJKlz
ğŸ“²  The Mind Game (eBook): https://amzn.to/3FAJjUo

ğŸ“§   Business inquiries: toby@intertalentgroup.com
ğŸ“§   Personal Inquiries: fplraptor@gmail.com

------------------------

My Equipment 

ğŸ™ï¸  Microphone = https://amzn.to/3FBzrdh
ğŸ“·. Camera = https://amzn.to/3Hgp52P
ğŸ™ï¸  Boom Arm = https://amzn.to/3460gZ6
ğŸŸ©  Green Screen = https://amzn.to/3HiSqth
ğŸ›ï¸  StreamDeck = https://amzn.to/33Uls42
ğŸ–¥ï¸  Computer = https://amzn.to/3qvQQxF
âŒ¨ï¸  Keyboard & Mouse = https://amzn.to/3qA0v6j

ğŸ’»  Secondary Laptop = https://amzn.to/3HiBYJB
ğŸ™ï¸  Secondary Microphone = https://amzn.to/3qvjOh8
ğŸ“·. Secondary Camera = https://amzn.to/32seuTM
ğŸŸ©  Secondary Green Screen = https://amzn.to/33YFytX

------------------------

Music from Uppbeat (free for Creators!):
https://uppbeat.io/t/infraction/try
https://uppbeat.io/t/zayner/falling

*This channel has permission to use these audio tracks*

------------------------

#FantasyPremierLeague #FPL #PremierLeague #FPLPsychology",2022-10-13T18:49:41Z,https://i.ytimg.com/vi/uZr2PbxoPxo/mqdefault.jpg,2022-11-21 10:47:08
YV42dEsi1gI,UCcqEr3DfrRwtoF2a1yW8qgQ,578th Ranked Guest! ğŸ‘€ | The Green Arrow Podcast | Fantasy Premier League 2022/23,"Manage and optimise your FPL team using our incredible My Team tool! â¤µï¸
https://www.fantasyfootballhub.co.uk/join?via=john-nellis
â”â”â”â”â”â”â”â”â”â”â”â”
Fantasy Premier League live stream and podcast by FPL gurus Adam Hopcroft and fantasy football all-rounder Fergi. This week we are joined by the superb FPL Raptor who has made an incredible start at around 500th overall rank!

Watch and listen to their brilliant features every week including Rich Pickings, Hopta Stats and Fergi is a Punt as the lads give you all the information you need to have a successful FPL season in their own unique way.
â”â”â”â”â”â”â”â”â”â”â”â”â”
FOLLOW US ğŸ‘‡
ğŸ¯ Site: https://fantasyfootballhub.co.uk/
ğŸ¦ Hub Twitter: https://twitter.com/FFH_HQ
ğŸ“¸ Instagram: https://www.instagram.com/FFH_HQ/
âœ… TikTok: https://www.tiktok.com/@FFH_HQ
ğŸ”µ Facebook: https://www.facebook.com/ffootballhub/
ğŸ¦ Will Twitter: https://twitter.com/ffh_will
â”â”â”â”â”â”â”â”â”â”â”â”â”
ABOUT ğŸ’­
Fantasy football hub brings you the very best Fantasy Premier League tools, players, writers, bloggers and content creators under one roof. 

#FPL #FantasyPremierLeague #premierleague 
â”â”â”â”â”â”â”â”â”â”â”â”â”
VIOLIN MUSIC CREDIT
Melody of Nature by GoodBMusic | https://soundcloud.com/goodbmusic-zakhar-valaha
Music promoted by https://www.chosic.com/free-music/all/
Creative Commons CC BY 3.0
https://creativecommons.org/licenses/by/3.0/",2022-10-05T15:15:30Z,https://i.ytimg.com/vi/YV42dEsi1gI/mqdefault.jpg,2022-11-21 10:47:08
NIp49HyVfsw,UCxeOc7eFxq37yW_Nc-69deA,FPL GAMEWEEK 14 PREVIEW | FANTASY PREMIER LEAGUE 2022/23 TIPS,"In this video I go through the key FPL topics and news for Gameweek 14.
â”â”â”â”â”â”â”â”â”â”â”â”â”
Become a channel member ğŸ‘‰ https://bit.ly/LTFPLYTMember
â”â”â”â”â”â”â”â”â”â”â”â”â”
ğŸ“¹ Subscribe: http://bit.ly/SubLTFPL 
ğŸ”— Follow me: https://solo.to/letstalkfpl 
â”â”â”â”â”â”â”â”â”â”â”â”â”
Join the Let's Talk FPL League:

Code = olspqt
Auto Join = https://fantasy.premierleague.com/leagues/auto-join/olspqt
â”â”â”â”â”â”â”â”â”â”â”â”â”
Previous FPL Finishes:

2021/22 - 9,975
2020/21 - 1,294
2019/20 - 162,555
2018/19 - 12,731
2017/18 - 21,436
2016/17 - 4,935
2015/16 - 92,554
2014/15 - 8,492
2013/14 - 104,345
2012/13 - 15,557
2011/12 - 10,463
2010/11 - 20,698
â”â”â”â”â”â”â”â”â”â”â”â”â”
â–º Lets Talk FPL League winners

ğŸ† 2021/22 - Jamie Pigott
ğŸ† 2020/21 - Craig Williams
ğŸ† 2019/20 - Sivert GjertsÃ¥s
ğŸ† 2018/19 - Domagoj Fekonja
ğŸ† 2017/18 - Jamal Rice
ğŸ† 2016/17 - Jamie Davern
â”â”â”â”â”â”â”â”â”â”â”â”â”
00:00 Differentials
03:05 Forward Options
11:44 Bowen to Saka
15:34 Everton Options
19:42 Man United Options
23:03 Moving to 3-5-2
â”â”â”â”â”â”â”â”â”â”â”â”â”
Intro and Outro music - https://www.youtube.com/watch?v=SrY7LBvrY4g
â”â”â”â”â”â”â”â”â”â”â”â”â”
#FPL #FantasyPremierLeague #PremierLeague",2022-10-27T09:45:52Z,https://i.ytimg.com/vi/NIp49HyVfsw/mqdefault.jpg,2022-11-21 10:47:08
nHaEMdbGsfQ,UCqVWVRhzv_i__zDadMwmINw,FPL GAMEWEEK 14 TEAM SELECTION | TOP 21K | Fantasy Premier League Tips 2022/23,"In today's video we go over my FPL Team Selection & Reveal for Gameweek 14. I'll be taking you through my team, my thoughts on transfers, changes, captaincy and what moves I'm thinking about when locking in my Fantasy Premier League team for GW14.

ğŸ”” SUBSCRIBE for more FPL videos:
https://www.youtube.com/channel/UCqVWVRhzv_i__zDadMwmINw

ğŸ¦ Follow Me On Twitter: https://twitter.com/fpl_now

âš½ï¸ FPL Now mini league code: 5y0sw6

Intro - 00:00
Gameweek 14 Team Selection - 00:24
Gameweek 14 Transfers - 07:20

About FPL Now:
FPL Now is a new FPL Youtube channel bringing you all of the latest FPL News Updates, Tips & Tricks! We bring you weekly Fantasy Premier League content throughout the season, including FPL Wildcard Drafts, FPL Team Selection Videos, FPL Transfer Tips, FPL Kneejerk Reactions and all of the other FPL Tips you need to dominate your mini-leagues and to increase your overall rank! We'll be posting content of the 38 FPL Gameweeks all year long, we hope you enjoy!

#FPL 
#FantasyPremierLeague
#PremierLeague
#Fantasy
#FPLTips",2022-10-26T12:01:28Z,https://i.ytimg.com/vi/nHaEMdbGsfQ/mqdefault.jpg,2022-11-21 10:47:08
1bZUCKUHSBw,UCxeOc7eFxq37yW_Nc-69deA,FPL KNEEJERK GAMEWEEK 16 | LIVE REACTION Q&A | Fantasy Premier League Tips 2022/23,"In this FPL Live Stream I react to all of the action from Gameweek 15 and start looking ahead to Gameweek 16.
â”â”â”â”â”â”â”â”â”â”â”â”â”
Become a channel member ğŸ‘‰ https://bit.ly/LTFPLYTMember
â”â”â”â”â”â”â”â”â”â”â”â”â”
ğŸ“¹ Subscribe: http://bit.ly/SubLTFPL 
ğŸ”— Follow me: https://solo.to/letstalkfpl 
â”â”â”â”â”â”â”â”â”â”â”â”â”
Join the Let's Talk FPL League:

Code = olspqt
Auto Join = https://fantasy.premierleague.com/leagues/auto-join/olspqt
â”â”â”â”â”â”â”â”â”â”â”â”â”
Previous FPL Finishes:

2021/22 - 9,975
2020/21 - 1,294
2019/20 - 162,555
2018/19 - 12,731
2017/18 - 21,436
2016/17 - 4,935
2015/16 - 92,554
2014/15 - 8,492
2013/14 - 104,345
2012/13 - 15,557
2011/12 - 10,463
2010/11 - 20,698
â”â”â”â”â”â”â”â”â”â”â”â”â”
â–º Lets Talk FPL League winners

ğŸ† 2021/22 - Jamie Pigott
ğŸ† 2020/21 - Craig Williams
ğŸ† 2019/20 - Sivert GjertsÃ¥s
ğŸ† 2018/19 - Domagoj Fekonja
ğŸ† 2017/18 - Jamal Rice
ğŸ† 2016/17 - Jamie Davern
â”â”â”â”â”â”â”â”â”â”â”â”â”
Intro Music details below 
Track: Netrum & Halvorsen - Phoenix [NCS10 Release]
Music provided by NoCopyrightSounds.
Watch: https://youtu.be/yH88qRmgkGI
Free Download / Stream: https://ncs.io/Phoenix
â”â”â”â”â”â”â”â”â”â”â”â”â”
#FPL #FantasyPremierLeague #PremierLeague",2022-11-06T18:31:35Z,https://i.ytimg.com/vi/1bZUCKUHSBw/mqdefault.jpg,2022-11-21 10:47:08
WLBVazKwAEk,UCxeOc7eFxq37yW_Nc-69deA,FPL TEAM SELECTION GAMEWEEK 16 | FANTASY PREMIER LEAGUE 2022/23 TIPS,"In this video I talk through my FPL Team Selection for Gameweek 16.
â”â”â”â”â”â”â”â”â”â”â”â”â”
Become a channel member ğŸ‘‰ https://bit.ly/LTFPLYTMember
â”â”â”â”â”â”â”â”â”â”â”â”â”
ğŸ“¹ Subscribe: http://bit.ly/SubLTFPL 
ğŸ”— Follow me: https://solo.to/letstalkfpl 
â”â”â”â”â”â”â”â”â”â”â”â”â”
Join the Let's Talk FPL League:

Code = olspqt
Auto Join = https://fantasy.premierleague.com/leagues/auto-join/olspqt
â”â”â”â”â”â”â”â”â”â”â”â”â”
Previous FPL Finishes:

2021/22 - 9,975
2020/21 - 1,294
2019/20 - 162,555
2018/19 - 12,731
2017/18 - 21,436
2016/17 - 4,935
2015/16 - 92,554
2014/15 - 8,492
2013/14 - 104,345
2012/13 - 15,557
2011/12 - 10,463
2010/11 - 20,698
â”â”â”â”â”â”â”â”â”â”â”â”â”
â–º Lets Talk FPL League winners

ğŸ† 2021/22 - Jamie Pigott
ğŸ† 2020/21 - Craig Williams
ğŸ† 2019/20 - Sivert GjertsÃ¥s
ğŸ† 2018/19 - Domagoj Fekonja
ğŸ† 2017/18 - Jamal Rice
ğŸ† 2016/17 - Jamie Davern
â”â”â”â”â”â”â”â”â”â”â”â”â”
00:00 Intro
00:35 GW15 Review
05:31 GW16 Defence
08:56 GW16 Midfield
11:24 GW16 Forwards + Transfers 
â”â”â”â”â”â”â”â”â”â”â”â”â”
Intro and Outro music - https://www.youtube.com/watch?v=SrY7LBvrY4g
â”â”â”â”â”â”â”â”â”â”â”â”â”
#FPL #FantasyPremierLeague #PremierLeague",2022-11-09T10:56:45Z,https://i.ytimg.com/vi/WLBVazKwAEk/mqdefault.jpg,2022-11-21 10:47:08
pvc1ZUo-pso,UC8043oOKTB4uP8Nq15Kz6bg,The Planet FPL GW15 Deadline Stream Live! | Fantasy Premier League,"James presents the Deadline Stream, fast paced, answering as many of your questions as possible ahead of the FPL Deadline

Good luck to all our listeners and viewers for the Gameweek!

*Questions are answered in the order they are submitted. Please check graphics on screen before submitting a question

*Silly questions may be met with a silly answer...

____________________________________________

Want to become a member of our FPL community? Join us on Patreon: https://www.patreon.com/planetfpl

Follow James on Twitter: https://twitter.com/PlanetFPLPod

Follow Suj on Twitter: https://twitter.com/sujanshah

Like us on Facebook: https://www.facebook.com/planetfpl

Follow us on Instagram: https://www.instagram.com/planetfpl

Subscribe to our YouTube channel: https://www.youtube.com/channel/UC804...

#FPL #FantasyPremierLeague #GW15",2022-11-05T12:28:36Z,https://i.ytimg.com/vi/pvc1ZUo-pso/mqdefault.jpg,2022-11-21 10:47:08
CYxdIzRQkVQ,UC72QokPHXQ9r98ROfNZmaDw,FPL GW14: PLAYERS TO BUY - Transfer Tips,"Today we look at the best players to buy for Gameweek 14, sorted by position and predicted points. Get a better rank and win your mini-leagues with these data-backed projections for Fantasy Premier League 2022/23.

ğŸ”´ Become a Member: https://youtube.com/FPLFocal/join
ğŸŸ  Become a Patron: https://patreon.com/FPLFocal
ğŸŸ¡ Early access to videos, private channel on Discord, badge by your name & other goodies.
â”â”â”â”â”â”â”â”â”â”â”â”â”
ğŸ”— Links
âš”ï¸ Mini-league: https://fantasy.premierleague.com/leagues/auto-join/ohqb6d (code: ohqb6d)
ğŸ Join FFScout ğŸ‘‰ https://bit.ly/FPLFocal_FFScout
ğŸ’¬ https://discord.gg/kaFgJunsjK (10K+ members)
âš½ https://twitter.com/FPLFocal
ğŸ“± https://tiktok.com/@FPLFocal
ğŸ“· https://instagram.com/FPLFocal
ğŸ§ https://linktr.ee/FPLFocal (podcasts)
ğŸ“© fplfocal@gmail.com 
â”â”â”â”â”â”â”â”â”â”â”â”â”
Sources:
https://fplreview.com
https://checkthechance.com
https://premierfantasytools.com
https://planfpl.com
https://ffstuff.co.uk
https://fplbot.app
â”â”â”â”â”â”â”â”â”â”â”â”â”
ğŸ•’ Timestamps
â”â”â”â”â”â”â”â”â”â”â”â”â”
ğŸ“Œ Recommended videos:
The Greatest FPL Team Of All-Time
https://youtu.be/5JaOFxuN3VA

The Biggest FPL Score of All-Time
https://youtu.be/Sf2u_FOodAU

The Worst FPL Score of All-Time
https://youtu.be/JGVEFVf7kws

The Greatest FPL Manager Of All-Time 
https://youtu.be/DDlzAKxpBpw

The Story Of How JosÃ© Mourinho Broke FPL
https://youtu.be/8NwsALKLI-A

Messi's Record-Breaking 11/12 Season in FPL
https://youtu.be/BPJ-ot_ZLOY
â”â”â”â”â”â”â”â”â”â”â”â”â”
#FPL #FantasyPremierLeague #PremierLeague",2022-10-24T21:09:52Z,https://i.ytimg.com/vi/CYxdIzRQkVQ/mqdefault.jpg,2022-11-21 10:47:08
kgvSIA9lQEA,UCxeOc7eFxq37yW_Nc-69deA,FPL KNEEJERK GAMEWEEK 12 | LIVE REACTION Q&A | Fantasy Premier League Tips 2022/23,"In this FPL Live Stream I react to all of the action from Gameweek 11 and start looking ahead to Gameweek 12.
â”â”â”â”â”â”â”â”â”â”â”â”â”
Become a channel member ğŸ‘‰ https://bit.ly/LTFPLYTMember
â”â”â”â”â”â”â”â”â”â”â”â”â”
ğŸ“¹ Subscribe: http://bit.ly/SubLTFPL 
ğŸ”— Follow me: https://solo.to/letstalkfpl 
â”â”â”â”â”â”â”â”â”â”â”â”â”
Join the Let's Talk FPL League:

Code = olspqt
Auto Join = https://fantasy.premierleague.com/leagues/auto-join/olspqt
â”â”â”â”â”â”â”â”â”â”â”â”â”
Previous FPL Finishes:

2021/22 - 9,975
2020/21 - 1,294
2019/20 - 162,555
2018/19 - 12,731
2017/18 - 21,436
2016/17 - 4,935
2015/16 - 92,554
2014/15 - 8,492
2013/14 - 104,345
2012/13 - 15,557
2011/12 - 10,463
2010/11 - 20,698
â”â”â”â”â”â”â”â”â”â”â”â”â”
â–º Lets Talk FPL League winners

ğŸ† 2021/22 - Jamie Pigott
ğŸ† 2020/21 - Craig Williams
ğŸ† 2019/20 - Sivert GjertsÃ¥s
ğŸ† 2018/19 - Domagoj Fekonja
ğŸ† 2017/18 - Jamal Rice
ğŸ† 2016/17 - Jamie Davern
â”â”â”â”â”â”â”â”â”â”â”â”â”
Intro Music details below 
Track: Netrum & Halvorsen - Phoenix [NCS10 Release]
Music provided by NoCopyrightSounds.
Watch: https://youtu.be/yH88qRmgkGI
Free Download / Stream: https://ncs.io/Phoenix
â”â”â”â”â”â”â”â”â”â”â”â”â”
#FPL #FantasyPremierLeague #PremierLeague",2022-10-16T18:19:36Z,https://i.ytimg.com/vi/kgvSIA9lQEA/mqdefault.jpg,2022-11-21 10:47:08
K2MntFFcZzw,UCxeOc7eFxq37yW_Nc-69deA,FPL DEADLINE STREAM GAMEWEEK 2 | Fantasy Premier League Tips 2022/23,"In this live stream I answer all of your questions ahead of the FPL Gameweek 2 deadline, as we attempt to lock in those Team Selections.
â”â”â”â”â”â”â”â”â”â”â”â”â”
Become a channel member ğŸ‘‰ https://bit.ly/LTFPLYTMember
â”â”â”â”â”â”â”â”â”â”â”â”â”
ğŸ“¹ Subscribe: http://bit.ly/SubLTFPL 
ğŸ”— Follow me: https://solo.to/letstalkfpl 
â”â”â”â”â”â”â”â”â”â”â”â”â”
Join the Let's Talk FPL League:

Code = olspqt
Auto Join = https://fantasy.premierleague.com/leagues/auto-join/olspqt
â”â”â”â”â”â”â”â”â”â”â”â”â”
Previous FPL Finishes:

2021/22 - 9,975
2020/21 - 1,294
2019/20 - 162,555
2018/19 - 12,731
2017/18 - 21,436
2016/17 - 4,935
2015/16 - 92,554
2014/15 - 8,492
2013/14 - 104,345
2012/13 - 15,557
2011/12 - 10,463
2010/11 - 20,698
â”â”â”â”â”â”â”â”â”â”â”â”â”
â–º Lets Talk FPL League winners

ğŸ† 2021/22 - Jamie Pigott
ğŸ† 2020/21 - Craig Williams
ğŸ† 2019/20 - Sivert GjertsÃ¥s
ğŸ† 2018/19 - Domagoj Fekonja
ğŸ† 2017/18 - Jamal Rice
ğŸ† 2016/17 - Jamie Davern
â”â”â”â”â”â”â”â”â”â”â”â”â”
Intro and Outro music - https://www.youtube.com/watch?v=SrY7LBvrY4g
â”â”â”â”â”â”â”â”â”â”â”â”â”
#FPL #FantasyPremierLeague #PremierLeague",2022-08-13T08:28:14Z,https://i.ytimg.com/vi/K2MntFFcZzw/mqdefault.jpg,2022-11-21 10:47:08
eA8QDV1fgUs,UCxeOc7eFxq37yW_Nc-69deA,HOLD HAALAND?! | FINAL TEAM SELECTION THOUGHTS FOR GW15 | FANTASY PREMIER LEAGUE 2022/23 TIPS,"In this video I go through my final thoughts to help you lock your FPL Team Selections ahead of Gameweek 15.
â”â”â”â”â”â”â”â”â”â”â”â”â”
Become a channel member ğŸ‘‰ https://bit.ly/LTFPLYTMember
â”â”â”â”â”â”â”â”â”â”â”â”â”
ğŸ“¹ Subscribe: http://bit.ly/SubLTFPL 
ğŸ”— Follow me: https://solo.to/letstalkfpl 
â”â”â”â”â”â”â”â”â”â”â”â”â”
Join the Let's Talk FPL League:

Code = olspqt
Auto Join = https://fantasy.premierleague.com/leagues/auto-join/olspqt
â”â”â”â”â”â”â”â”â”â”â”â”â”
Previous FPL Finishes:

2021/22 - 9,975
2020/21 - 1,294
2019/20 - 162,555
2018/19 - 12,731
2017/18 - 21,436
2016/17 - 4,935
2015/16 - 92,554
2014/15 - 8,492
2013/14 - 104,345
2012/13 - 15,557
2011/12 - 10,463
2010/11 - 20,698
â”â”â”â”â”â”â”â”â”â”â”â”â”
â–º Lets Talk FPL League winners

ğŸ† 2021/22 - Jamie Pigott
ğŸ† 2020/21 - Craig Williams
ğŸ† 2019/20 - Sivert GjertsÃ¥s
ğŸ† 2018/19 - Domagoj Fekonja
ğŸ† 2017/18 - Jamal Rice
ğŸ† 2016/17 - Jamie Davern
â”â”â”â”â”â”â”â”â”â”â”â”â”
00:00 Haaland Latest
04:40 Foden Latest
07:42 Wilson Update
09:46 Dalot
11:43 Zaha - Stick or Twist
16:57 - My Team Ramble Out Loud
â”â”â”â”â”â”â”â”â”â”â”â”â”
Intro and Outro music - https://www.youtube.com/watch?v=SrY7LBvrY4g
â”â”â”â”â”â”â”â”â”â”â”â”â”
#FPL #FantasyPremierLeague #PremierLeague",2022-11-04T16:02:16Z,https://i.ytimg.com/vi/eA8QDV1fgUs/mqdefault.jpg,2022-11-21 10:47:08
g1s4Rs5gJtE,UCxeOc7eFxq37yW_Nc-69deA,FPL TEAM SELECTION GAMEWEEK 15 | FANTASY PREMIER LEAGUE 2022/23 TIPS,"In this video I talk through my FPL Team Selection for Gameweek 15.
â”â”â”â”â”â”â”â”â”â”â”â”â”
Become a channel member ğŸ‘‰ https://bit.ly/LTFPLYTMember
â”â”â”â”â”â”â”â”â”â”â”â”â”
ğŸ“¹ Subscribe: http://bit.ly/SubLTFPL 
ğŸ”— Follow me: https://solo.to/letstalkfpl 
â”â”â”â”â”â”â”â”â”â”â”â”â”
Join the Let's Talk FPL League:

Code = olspqt
Auto Join = https://fantasy.premierleague.com/leagues/auto-join/olspqt
â”â”â”â”â”â”â”â”â”â”â”â”â”
Previous FPL Finishes:

2021/22 - 9,975
2020/21 - 1,294
2019/20 - 162,555
2018/19 - 12,731
2017/18 - 21,436
2016/17 - 4,935
2015/16 - 92,554
2014/15 - 8,492
2013/14 - 104,345
2012/13 - 15,557
2011/12 - 10,463
2010/11 - 20,698
â”â”â”â”â”â”â”â”â”â”â”â”â”
â–º Lets Talk FPL League winners

ğŸ† 2021/22 - Jamie Pigott
ğŸ† 2020/21 - Craig Williams
ğŸ† 2019/20 - Sivert GjertsÃ¥s
ğŸ† 2018/19 - Domagoj Fekonja
ğŸ† 2017/18 - Jamal Rice
ğŸ† 2016/17 - Jamie Davern
â”â”â”â”â”â”â”â”â”â”â”â”â”
00:00 GW14 Review
05:10 GW15 Defence
07:22 GW15 Midfield
12:34 GW15 Forwards
â”â”â”â”â”â”â”â”â”â”â”â”â”
Intro and Outro music - https://www.youtube.com/watch?v=SrY7LBvrY4g
â”â”â”â”â”â”â”â”â”â”â”â”â”
#FPL #FantasyPremierLeague #PremierLeague",2022-11-02T10:31:36Z,https://i.ytimg.com/vi/g1s4Rs5gJtE/mqdefault.jpg,2022-11-21 10:47:08
Q6Q5ehZL1AM,UCx80xyF7N8ny2qvaOse0upg,FPL 2022-23: Gameweek 16 Preview - Plenty of captain choice! Fantasy Premier League Tips!,Link to my World Cup Fantasy League beginners guide! https://www.youtube.com/watch?v=o3Mw01bAcso,2022-11-09T20:20:26Z,https://i.ytimg.com/vi/Q6Q5ehZL1AM/mqdefault.jpg,2022-11-21 10:47:08
UrJqh0fJiK4,UCxeOc7eFxq37yW_Nc-69deA,FINAL TEAM SELECTION THOUGHTS FOR GW14 | FANTASY PREMIER LEAGUE 2022/23 TIPS,"In this video I go through my final thoughts to help you lock your FPL Team Selections ahead of Gameweek 14.
â”â”â”â”â”â”â”â”â”â”â”â”â”
Become a channel member ğŸ‘‰ https://bit.ly/LTFPLYTMember
â”â”â”â”â”â”â”â”â”â”â”â”â”
ğŸ“¹ Subscribe: http://bit.ly/SubLTFPL 
ğŸ”— Follow me: https://solo.to/letstalkfpl 
â”â”â”â”â”â”â”â”â”â”â”â”â”
Join the Let's Talk FPL League:

Code = olspqt
Auto Join = https://fantasy.premierleague.com/leagues/auto-join/olspqt
â”â”â”â”â”â”â”â”â”â”â”â”â”
Previous FPL Finishes:

2021/22 - 9,975
2020/21 - 1,294
2019/20 - 162,555
2018/19 - 12,731
2017/18 - 21,436
2016/17 - 4,935
2015/16 - 92,554
2014/15 - 8,492
2013/14 - 104,345
2012/13 - 15,557
2011/12 - 10,463
2010/11 - 20,698
â”â”â”â”â”â”â”â”â”â”â”â”â”
â–º Lets Talk FPL League winners

ğŸ† 2021/22 - Jamie Pigott
ğŸ† 2020/21 - Craig Williams
ğŸ† 2019/20 - Sivert GjertsÃ¥s
ğŸ† 2018/19 - Domagoj Fekonja
ğŸ† 2017/18 - Jamal Rice
ğŸ† 2016/17 - Jamie Davern
â”â”â”â”â”â”â”â”â”â”â”â”â”
00:00 Haaland Latest
05:09 Solanke Latest
06:36 My Team
12:30 Bowen Latest
15:51 Rashford/Nunez/Differentials
18:48 Team Value Thoughts
â”â”â”â”â”â”â”â”â”â”â”â”â”
Intro and Outro music - https://www.youtube.com/watch?v=SrY7LBvrY4g
â”â”â”â”â”â”â”â”â”â”â”â”â”
#FPL #FantasyPremierLeague #PremierLeague",2022-10-28T15:16:02Z,https://i.ytimg.com/vi/UrJqh0fJiK4/mqdefault.jpg,2022-11-21 10:47:08
HR17aRMDbDg,UC54QLWzsMifTRjNQ02z5pCw,FPL GAMEWEEK 14 DEADLINE STREAM | 825th IN THE WORLD! | Fantasy Premier League Tips 2022/23,"Please subscribe and help me to hit 50,000 subscribers! 

In this FPL GW14 live stream, we will be discussing my team and digesting the latest news before the deadline.

ğŸ”¥  30% OFF from Fantasy Football Hub: https://fantasyfootballhub.co.uk/join?via=ross
ğŸ†  Become a YT member: https://bit.ly/34AFdyn
ğŸ“½ï¸  Join my Patreon: https://www.patreon.com/FPLRaptor

ğŸ‘¾  Join the Discord: https://discord.gg/RhwCHzx8wr
ğŸ—£ï¸  Follow my Twitter: https://twitter.com/FPL__Raptor
ğŸ“¸  Follow my Instagram: https://www.instagram.com/fpl__raptor

ğŸ“•  The Mind Game (Hard Copy): https://bit.ly/3gFJKlz
ğŸ“²  The Mind Game (eBook): https://amzn.to/3FAJjUo

ğŸ“§   Business inquiries: toby@intertalentgroup.com
ğŸ“§   Personal Inquiries: fplraptor@gmail.com

------------------------

My Equipment 

ğŸ™ï¸  Microphone = https://amzn.to/3FBzrdh
ğŸ“·. Camera = https://amzn.to/3Hgp52P
ğŸ™ï¸  Boom Arm = https://amzn.to/3460gZ6
ğŸŸ©  Green Screen = https://amzn.to/3HiSqth
ğŸ›ï¸  StreamDeck = https://amzn.to/33Uls42
ğŸ–¥ï¸  Computer = https://amzn.to/3qvQQxF
âŒ¨ï¸  Keyboard & Mouse = https://amzn.to/3qA0v6j

ğŸ’»  Secondary Laptop = https://amzn.to/3HiBYJB
ğŸ™ï¸  Secondary Microphone = https://amzn.to/3qvjOh8
ğŸ“·. Secondary Camera = https://amzn.to/32seuTM
ğŸŸ©  Secondary Green Screen = https://amzn.to/33YFytX

------------------------

Music from Uppbeat (free for Creators!):
https://uppbeat.io/t/infraction/try
https://uppbeat.io/t/zayner/falling

*This channel has permission to use these audio tracks*

------------------------

#FantasyPremierLeague #FPL #PremierLeague #FPLPsychology",2022-10-28T14:23:58Z,https://i.ytimg.com/vi/HR17aRMDbDg/mqdefault.jpg,2022-11-21 10:47:08
r52QM1O9Arc,UCxeOc7eFxq37yW_Nc-69deA,FPL KNEEJERK GAMEWEEK 14 | LIVE REACTION Q&A | Fantasy Premier League Tips 2022/23,"In this FPL Live Stream I react to all of the action from Gameweek 13 and start looking ahead to Gameweek 14.
â”â”â”â”â”â”â”â”â”â”â”â”â”
Become a channel member ğŸ‘‰ https://bit.ly/LTFPLYTMember
â”â”â”â”â”â”â”â”â”â”â”â”â”
ğŸ“¹ Subscribe: http://bit.ly/SubLTFPL 
ğŸ”— Follow me: https://solo.to/letstalkfpl 
â”â”â”â”â”â”â”â”â”â”â”â”â”
Join the Let's Talk FPL League:

Code = olspqt
Auto Join = https://fantasy.premierleague.com/leagues/auto-join/olspqt
â”â”â”â”â”â”â”â”â”â”â”â”â”
Previous FPL Finishes:

2021/22 - 9,975
2020/21 - 1,294
2019/20 - 162,555
2018/19 - 12,731
2017/18 - 21,436
2016/17 - 4,935
2015/16 - 92,554
2014/15 - 8,492
2013/14 - 104,345
2012/13 - 15,557
2011/12 - 10,463
2010/11 - 20,698
â”â”â”â”â”â”â”â”â”â”â”â”â”
â–º Lets Talk FPL League winners

ğŸ† 2021/22 - Jamie Pigott
ğŸ† 2020/21 - Craig Williams
ğŸ† 2019/20 - Sivert GjertsÃ¥s
ğŸ† 2018/19 - Domagoj Fekonja
ğŸ† 2017/18 - Jamal Rice
ğŸ† 2016/17 - Jamie Davern
â”â”â”â”â”â”â”â”â”â”â”â”â”
Intro Music details below 
Track: Netrum & Halvorsen - Phoenix [NCS10 Release]
Music provided by NoCopyrightSounds.
Watch: https://youtu.be/yH88qRmgkGI
Free Download / Stream: https://ncs.io/Phoenix
â”â”â”â”â”â”â”â”â”â”â”â”â”
#FPL #FantasyPremierLeague #PremierLeague",2022-10-23T15:28:51Z,https://i.ytimg.com/vi/r52QM1O9Arc/mqdefault.jpg,2022-11-21 10:47:08
10ZoT3UAkCs,UCWw6scNyopJ0yjMu1SyOEyw,World Cup GameDay Warm Up LIVE: Andy Goldstein & Darren Bent ğŸ”¥,"The best build-up to the 2022 World Cup with Andy Goldstein and Darren Bent LIVE from the talkSPORT fan zone 

ğŸ‘‚ Listen to talkSPORT LIVE: http://talkSPORT.com/Live

ğŸ–¥ï¸Personal website: /https://talksport.com/
ğŸ“²Twitter: https://twitter.com/talkSPORT
ğŸ“·Instagram: https://www.instagram.com/talksport/?hl=en
ğŸ‘¤Facebook: https://www.facebook.com/talkSPORT/
ğŸ“± Tik Tok: https://www.tiktok.com/@talksport?

ğŸ˜Enjoyed this video? Check out some of our best stuff!
âš½ï¸Jurgen Klopp reveals which player should be Liverpool manager: https://www.youtube.com/watch?v=3Bmx72-8heA
âš½ï¸Simon Jordan v AFTV's Robbie Lyle full talkSPORT showdown: https://www.youtube.com/watch?v=bp3pGkSvs1k&list=PLFVMnSsi_04LP3iHDcpLN7jI3cV8a73vu&index=1
âš½ï¸Simon Jordan rant on the European Super League: https://www.youtube.com/watch?v=aPewg7GlwH8&list=PLFVMnSsi_04LP3iHDcpLN7jI3cV8a73vu&index=2
âš½ï¸Schmeltz Herring calls talkSPORT: https://www.youtube.com/watch?v=wktgao0XJ2o&list=PLFVMnSsi_04LGLa9pS9xDv__me-Gjmlu2&index=1
âš½ï¸CAVANI IS BETTER THAN KANE! Man Utd fan calls talkSPORT to dismiss Tottenham striker: https://www.youtube.com/watch?v=zSIWp3N2PnQ

ğŸ”´Download the talkSPORT app: https://talksport.com/apps/

talkSPORT is the worldâ€™s biggest sports radio station. The talkSPORT network, incorporating talkSPORT and sister station talkSPORT 2, has more exclusive English football than any other UK broadcaster. talkSPORT is available on 1089/1053AM, on digital radio, on mobile, through the talkSPORT App, via your TV, and online at talkSPORT.com. talkSPORT 2 is available on digital radio, on mobile, through the talkSPORT App and online at talkSPORT.com.

ğŸ—£ï¸ Want to have your say on LIVE radio and maybe even make it on our official YouTube channel? Call the show on 08717 22 33 44 (13p/min) or text 80189 (50p + charges).

ğŸ”Want to see if you feature on our channel? Check out our Best talkSPORT callers playlist: https://www.youtube.com/playlist?list=PLFVMnSsi_04LGLa9pS9xDv__me-Gjmlu2

ğŸ‘‹Check out our daily podcasts: https://talksport.com/podcasts/

#england 
#worldcup 
#PremierLeague
#Chelsea
#ManCity
#ManUtd
#talkSPORT
#EFC
#ChelseaFC
#EvertonFC",2022-11-21T15:55:27Z,https://i.ytimg.com/vi/10ZoT3UAkCs/mqdefault_live.jpg,2022-11-21 10:47:08
zVLPxju5iuM,UCeVXtaZ6PM7YbdBVrjlWI_g,"FPL GAMEWEEK 14 TRANSFER PLANS | HAALAND INJURED: CAPTAIN, HOLD OR SELL?","Holly Shand shares her FPL Gameweek 14 transfer plans, considering what to do with the injured Erling Haaland. There's also the deal sheet & throwback Thursday. Powered by Fantasy Football Hub.
â”â”â”â”â”â”â”â”â”â”â”â”â”
FPL GW14 PRESS CONFERENCE LIVE STREAM
Friday October 28 - 1:00PM (BST): https://youtu.be/bA_9orbK8Uk
â”â”â”â”â”â”â”â”â”â”â”â”â”
JOIN AS A CHANNEL MEMBER
https://www.youtube.com/hollyshand/join
â”â”â”â”â”â”â”â”â”â”â”â”â”
30% OFF FANTASY FOOTBALL HUB MEMBERSHIP
https://fantasyfootballhub.co.uk/join?via=holly
Use the the above link to claim 30% off your Fantasy Football Hub annual membership.
â”â”â”â”â”â”â”â”â”â”â”â”â”
GET YOUR FPL TEAM RATED 
https://linktr.ee/hollyshand
â”â”â”â”â”â”â”â”â”â”â”â”â”
Join Holly's Mini League: 96epnp
https://fantasy.premierleague.com/leagues/auto-join/96epnp
â”â”â”â”â”â”â”â”â”â”â”â”â”
00:00 Intro
00:34 Haaland Injury
04:31 Deal Sheet
07:51 Throwback Thursday
08:38 Transfer Plans
10:06 Outro
â”â”â”â”â”â”â”â”â”â”â”â”â”
Follow Holly Shand on TikTok:
https://vm.tiktok.com/ZMR2Yd1u1/
â”â”â”â”â”â”â”â”â”â”â”â”â”
Like, Subscribe, Comment and Share!
â”â”â”â”â”â”â”â”â”â”â”â”â”
https://linktr.ee/hollyshand
â”â”â”â”â”â”â”â”â”â”â”â”â”.
#FPL #FantasyPremierLeague #PremierLeague",2022-10-27T09:37:00Z,https://i.ytimg.com/vi/zVLPxju5iuM/mqdefault.jpg,2022-11-21 10:47:08
t5zhBqChiTM,UCxeOc7eFxq37yW_Nc-69deA,FPL TRANSFER TIPS GAMEWEEK 15 (Who to Buy and Sell?) | Fantasy Premier League Tips 2022/23,"In this video I talk through some of the most popular transfers for FPL managers ahead of Gameweek 15.
â”â”â”â”â”â”â”â”â”â”â”â”â”
Become a channel member ğŸ‘‰ https://bit.ly/LTFPLYTMember
â”â”â”â”â”â”â”â”â”â”â”â”â”
ğŸ“¹ Subscribe: http://bit.ly/SubLTFPL 
ğŸ”— Follow me: https://solo.to/letstalkfpl 
â”â”â”â”â”â”â”â”â”â”â”â”â”
Join the Let's Talk FPL League:

Code = olspqt
Auto Join = https://fantasy.premierleague.com/leagues/auto-join/olspqt
â”â”â”â”â”â”â”â”â”â”â”â”â”
Previous FPL Finishes:

2021/22 - 9,975
2020/21 - 1,294
2019/20 - 162,555
2018/19 - 12,731
2017/18 - 21,436
2016/17 - 4,935
2015/16 - 92,554
2014/15 - 8,492
2013/14 - 104,345
2012/13 - 15,557
2011/12 - 10,463
2010/11 - 20,698
â”â”â”â”â”â”â”â”â”â”â”â”â”
â–º Lets Talk FPL League winners

ğŸ† 2021/22 - Jamie Pigott
ğŸ† 2020/21 - Craig Williams
ğŸ† 2019/20 - Sivert GjertsÃ¥s
ğŸ† 2018/19 - Domagoj Fekonja
ğŸ† 2017/18 - Jamal Rice
ğŸ† 2016/17 - Jamie Davern
â”â”â”â”â”â”â”â”â”â”â”â”â”
00:00 Toney
04:22 Dalot
08:33 Foden
11:34 Mitrovic
â”â”â”â”â”â”â”â”â”â”â”â”â”
Intro and Outro music - https://www.youtube.com/watch?v=SrY7LBvrY4g
â”â”â”â”â”â”â”â”â”â”â”â”â”
#FPL #FantasyPremierLeague #PremierLeague",2022-11-01T10:47:05Z,https://i.ytimg.com/vi/t5zhBqChiTM/mqdefault.jpg,2022-11-21 10:47:08
wOn43PvIRTc,UCfHrd8-BMPYO7RlxD-IuYRw,FPL Injuries | FPL Gameweek 14: FPL Injury News (Cancelo & Haaland Injury News) | FPL 2022/23,"FPL Injuries | FPL Gameweek 14: FPL Injury News (Cancelo & Haaland Injury News) | FPL 2022/23

Ben Dinnery goes through the latest injury news from around the Premier League to help you with your FPL picks

00:00 Intro
00:11 Bournemouth
01:27 Manchester City 
04:37 Liverpool
05:05 Tottenham
05:30 Manchester United
06:18 West Ham United
07:45 Arsenal


For the latest FPL Injury News and latest information head to:https://www.premierinjuries.com/injury-table.php

â”â”â”â”â”â”â”â”â”â”â”â”â”

âœ…  Join Premier Injuries for the latest updates â¤µï¸
https://www.premierinjuries.com/create-an-account.php

ğŸ”” Subscribe to the channel â¤µï¸
https://www.youtube.com/c/PremierInjuries1?sub_confirmation=1

â”â”â”â”â”â”â”â”â”â”â”â”â”

Follow Premier Injuries:
ğŸ¯ Site: https://www.premierinjuries.com/
ğŸ¦ Benâ€™s Twitter: https://twitter.com/BenDinnery
ğŸ¦ Jasonâ€™s Twitter: https://twitter.com/jason_r_mckenna

â”â”â”â”â”â”â”â”â”â”â”â”â”

About 
Ben Dinnery is footballâ€™s leading injury specialist. The â€˜go-toâ€™ guru for big hitters like Sky Sports, ESPN and NBC Sports when they need data. Or the BBC, talkSPORT and the broadsheets when a quote is required. His unique insight has helped provide a better understanding of what is really happening in the treatment rooms.

Jason McKenna has a focus on tactics and data to contextualise injury news. He is a 2 time award winning Radio Presenter and has a history of studying football.  He is also currently researching a PhD showing his dedication to high quality analysis.

Premier Injuries is the go to resource for injury related data pertaining to the English Premier League. The companyâ€™s database contains detailed analysis of every reported player injury since establishment back in 2010.",2022-10-26T15:48:34Z,https://i.ytimg.com/vi/wOn43PvIRTc/mqdefault.jpg,2022-11-21 10:47:08
